2,Exportaciones de mercaderías (US$ a precios actuales),Población urbana (% del total),"Población, hombres (% del total)","Población, total","Tasa de inactividad por edades, personas menores de 15 años (% de la población en edad de trabajar)","Población de 80 años en adelante, varones (% de la población masculina)","Población de 70 a 74 años, varones (% de la población masculina)","Población de 65 años de edad y más, hombres (% del total)","Población de 65 a 69 años, varones (% de la población masculina)","Población de 55 a 59 años, varones (% de la población masculina)","Población de 45 a 49 años, varones (% de la población masculina)","Población de 35 a 39 años, varones (% de la población masculina)","Población de 25 a 29 años, varones (% de la población masculina)",Población entre 15 y 64 años de edad (% del total),"Población entre 15 y 64 años de edad, mujeres (% del total)","Población de 10 a 14 años, varones (% de la población masculina)",Población entre 0 y 14 años de edad (% del total),"Población entre 0 y 14 años de edad, mujeres (% del total)",Factor de conversión alternativo del Departamento de Economía del Desarrollo del Banco Mundial: DEC (UMN por US$),Gasto militar (% del PIB),Suscripciones a telefonía fija (por cada 100 personas),Importaciones de mercaderías (US$ a precios actuales),Población urbana,Población rural,"Población, hombres","Tasa de inactividad por edades, personas de 65 años y más (% de la población en edad de trabajar)","Población de 80 años en adelante, mujeres (% de la población femenina)","Población de 70 a 74 años, mujeres (% de la población femenina)","Población de 65 años de edad y más, hombres","Población de 65 a 69 años, mujeres (% de la población femenina)","Población de 55 a 59 años, mujeres (% de la población femenina)","Población de 45 a 49 años, mujeres (% de la población femenina)","Población de 35 a 39 años, mujeres (% de la población femenina)","Población de 25 a 29 años, mujeres (% de la población femenina)","Población entre 15 y 64 años de edad, total","Población entre 15 y 64 años de edad, mujeres","Población de 10 a 14 años, mujeres (% de la población femenina)","Población entre 0 y 14 años de edad, total","Población entre 0 y 14 años de edad, mujeres",Gasto militar (UMN a precios actuales),"Transferencias de armamento, importaciones (valores del indicador de tendencia del Instituto Internacional de Investigación para la Paz de Estocolmo) (SIPRI)",Suscripciones a telefonía fija,"Transferencias de armamento, exportaciones (valores del indicador de tendencia del Instituto Internacional de Investigación para la Paz de Estocolmo) (SIPRI)",Military expenditure (current USD),Población en aglomerados urbanos de más de 1 millón de personas,"Población, mujeres (% del total)",Tasa de inactividad por edades (% de la población en edad de trabajar),"Población de 75 a 79 años, varones (% de la población masculina)",Población de 65 años de edad y más (% del total),"Población de 65 años de edad y más, mujeres (% del total)","Población de 50 a 64 años, varones (% de la población masculina)","Población de 50 a 54 años, varones (% de la población masculina)","Población de 40 a 44 años, varones (% de la población masculina)","Población de 30 a 34 años, varones (% de la población masculina)","Población de 20 a 24 años, varones (% de la población masculina)","Población entre 15 y 64 años de edad, hombres (% del total)","Población de 15 a 19 años, varones (% de la población masculina)","Población de 5 a 9 años, varones (% de la población masculina)","Población entre 0 y 14 años de edad, hombres (% del total)","Población de 0 a 4 años, varones (% de la población masculina)","Total de reservas (incluye oro, US$ a precios actuales)",Población de la ciudad con más habitantes (% de la población urbana),"Inflación, precios al consumidor (% anual)",Total de reservas menos oro (US$ a precios actuales),Población de la ciudad con más habitantes,Población de refugiados por país o territorio de asilo,Índice de precios al consumidor (2010 = 100),Población en aglomerados urbanos > 1 millón (% de la población total),Población rural (% de la población total),"Población, mujeres","Población de 75 a 79 años, mujeres (% de la población femenina)","Población de 65 años de edad y más, total","Población de 65 años de edad y más, mujeres","Población de 50 a 64 años, mujeres (% de la población femenina)","Población de 50 a 54 años, mujeres (% de la población femenina)","Población de 40 a 44 años, mujeres (% de la población femenina)","Población de 30 a 34 años, mujeres (% de la población femenina)","Tasa de cambio oficial (UMN por US$, promedio para un período)","Población de 20 a 24 años, mujeres (% de la población femenina)","Población entre 15 y 64 años de edad, hombres","Población de 15 a 19 años, mujeres (% de la población femenina)","Población de 5 a 9 años, mujeres (% de la población femenina)","Población entre 0 y 14 años de edad, hombres","Población de 0 a 4 años, mujeres (% de la población femenina)"
1960,11416000000.0,71.384,46.7297759851866,72814900.0,31.235493163187144,1.40626925065816,2.86864013171384,9.93170052288055,3.74682124565477,6.8114487744842,6.17035192925158,5.94053279898077,7.46507985069577,67.4136751501549,67.7930174469085,6.82556314744542,21.0569934904059,19.2761753310571,2.14742588996887,3.7698628621708004,4.408468529,10172000000.0,51978188.0,20836712.0,34026240.0,17.10236273407324,1.76587981558171,3.74530267166653,3379384.0,5.02137479417223,7.09920675993659,7.4787711738593,7.19340479628406,6.17704978651284,49087200.0,26296003.0,5.69349575572496,15332629.0,7476970.0,5830696094.40509,2054000000.0,3220990.0,156000000.0,2715197279.7274404,6919572.0,53.2702240148134,48.33785589726038,1.90996989485378,11.5293313594392,12.9308072220344,5.20609774301394,6.90957134467725,4.06697792778892,7.12726043227969,9.3775246667266,66.9812389112731,7.90639344337438,7.68871460692474,23.0870605658464,8.57278281147619,7083840800.0,6.27154028532122,1.53661234295201,4061650000.0,3259833.0,197000.0,24.6460704672795,9.502961619119164,28.616,38788660.0,2.39824994061397,8395071.0,5015687.0,6.16642061605845,7.79925081177174,5.01280234379246,6.50993526187731,4.2000000032,7.71775151242471,22791197.0,6.63842438439099,6.45315642748725,7855659.0,7.12952314784489
1961,12651000000.0,71.697,46.8035515185476,73377632.0,32.31431843060687,1.4194102410667,2.85016609191871,9.95324061573874,3.78073977004305,6.76871648612894,5.62263427816559,5.92370586135798,7.71920049750579,66.7332234245161,66.998227143894,7.15814362020919,21.5643868259872,19.7604384003248,2.06221032142639,3.7399062756664603,4.38742,11011000000.0,52609561.0,20768071.0,34343338.0,17.536076503689944,1.81976339205379,3.82931785443548,3418275.0,5.13195437260493,7.15311147024314,6.89363307752711,6.94291299137084,6.3642216613615,48967259.0,26152285.0,5.9737992421791,15823436.0,7713348.0,6340786696.01595,2039000000.0,3220990.0,12000000.0,3074753151.23869,6980524.0,53.1964484814524,49.85039493429681,1.90292451271027,11.7023897494967,13.2413344557812,5.41532762128253,6.67978327722721,4.45605537052357,7.27385664824213,9.49819269240261,66.4320228522671,7.07455011943079,7.69998974003894,23.6147365319941,8.75660317174599,7180500800.0,6.182043602302631,2.29369500700881,3501280000.0,3252346.0,190000.0,25.2113761550113,9.51314972933441,28.302999999999997,39034294.0,2.46029883668705,8586936.0,5168661.0,6.25073138997834,7.74757988132162,5.5245821352925,6.33885318766505,4.03333333636667,7.80801421063592,22814974.0,5.97458713849797,6.47591266870367,8110089.0,7.31072648944201
1962,13244000000.0,71.762,46.872800415697,74025784.0,33.23294803539559,1.43032601588725,2.82836776482872,9.99869698369481,3.84301101979709,6.65957500677567,4.94009812778137,5.9936837855328,8.04954101635243,66.1333194796403,66.2789543657289,7.34372973472138,21.9780520815876,20.1649778403784,2.04516744613647,4.4959672202832905,4.38742,12375000000.0,53122383.0,20903401.0,34697958.0,17.976759727384596,1.87682398756996,3.90997481696859,3469344.0,5.23963836796502,7.19277634010246,6.12061191734669,6.70196789921409,6.62509324875819,48955708.0,26066071.0,6.1450021519676,16269425.0,7930447.0,8293890569.94539,2478000000.0,3220990.0,147000000.0,4055355090.25919,6996913.0,53.1271982364926,51.20970776278019,1.89699218318175,11.8886284387721,13.5560677938926,5.61080575046126,6.47731518773981,4.95234041382205,7.28769126343454,9.35289087531022,65.9682520357599,6.64431060854973,7.75300883832668,24.0330509805453,8.93631240749724,6964883190.0,6.112886539747285,2.84327019799063,3278430000.0,3247311.0,185000.0,25.9282036997301,9.451994456418051,28.238,39327825.0,2.52963062138905,8800650.0,5331307.0,6.34752177432234,7.65700896418499,6.15103121298035,6.15890336796566,4.000000003,7.6954412155135,22889636.0,5.62859842534068,6.53096099782292,8338978.0,7.4890146905879
1963,14578000000.0,71.826,46.9363965292523,74714353.0,34.03652910518988,1.42919652384363,2.79883310421956,10.0535102346782,3.93486578475299,6.5404377749132,4.25377973633684,6.23725873462401,8.45744788198737,65.602161633374,65.6355351200715,7.44006509194405,22.3286993088922,20.5124399310055,2.04516744613647,4.89928397485692,4.38742,13070000000.0,53664331.0,21050022.0,35068225.0,18.397471134454808,1.9293646146674,3.98165825383491,3525588.0,5.3386193233794,7.24658032945634,5.31645103024424,6.53814734042589,6.95660993446414,49014231.0,26021949.0,6.24708597868624,16682743.0,8132388.0,9589025574.10921,3297000000.0,3220990.0,134000000.0,4688620297.63257,7013766.0,53.0636048077137,52.43400023964468,1.89061482186202,12.0691390577338,13.852024948923,5.7492443347305,6.28438086307213,5.4001224298013,7.16564556140983,9.00084210544906,65.5644314779863,6.47527205566205,7.8408353335124,24.3820582873355,9.10115786187907,7659475440.0,6.041785930397604,2.96695977587712,3807060000.0,3242284.0,182000.0,26.6974830741086,9.387441259111217,28.174000000000007,39646129.0,2.60238275704128,9017379.0,5491792.0,6.41980768297081,7.55901758469587,6.7120355980686,5.96661430110264,4.000000003,7.43242638890838,22992282.0,5.48784492973456,6.61003020718113,8550355.0,7.65532374513817
1964,16230000000.0,71.891,46.996252945627,75318337.0,34.740117926895294,1.43567559527953,2.78103659896345,10.1631478521353,4.06398311893245,6.40047574204885,3.80496590323006,6.56839407675871,8.83001386372568,65.1013567839819,65.0334422330559,7.47152447619801,22.6162884042996,20.805188814759,2.04516744613647,4.38429971954757,4.38742,14710000000.0,54147106.0,21171231.0,35396796.0,18.866510586212513,1.99412814496883,4.06719889576907,3597429.0,5.42152147183097,7.30296273033004,4.77052200701176,6.41895387977306,7.2600106886072,49033259.0,25962352.0,6.30327153177146,17034212.0,8305752.0,9410460918.03691,3723000000.0,3220990.0,438000000.0,4601309875.48072,7031118.0,53.0037457285218,53.606628513107815,1.88245253895989,12.2823548117186,14.1613689521851,5.82812785931496,6.04952598522159,5.64608103072102,7.12202762958446,8.53518029536649,65.1779527956243,6.39316040965241,7.96650982712498,24.6588993522404,9.22086504891744,7895954160.0,5.978633465655579,2.33573581177832,3633510000.0,3237257.0,180000.0,27.321065747114,9.335200802428762,28.108999999999995,39921540.0,2.67852043961619,9250865.0,5653437.0,6.47164023343838,7.40527493896825,7.01356237420156,5.88884849080643,4.000000003,7.09345302172028,23070907.0,5.40821386819894,6.7204023699041,8728460.0,7.78151491308346
1965,17913000000.0,71.955,47.0521197910993,75963695.0,35.31514963261197,1.44466839345342,2.7771928699422,10.3126662238619,4.2259057339566,6.21382310874918,3.80936439719647,6.83142801828363,9.08362932340661,64.6556594354817,64.504854077141,7.46217256576363,22.833242253237,21.0304114650122,2.04516744613647,4.09107245058985,6.37185859,17612000000.0,54659677.0,21304018.0,35742529.0,19.350353827972278,2.06752557471266,4.1565848081708,3686008.0,5.49530799347818,7.32011636049499,4.79149055975901,6.28465276307741,7.46308748503719,49114828.0,25944604.0,6.31936319783588,17344975.0,8458677.0,9584319072.89486,3323000000.0,4845000.0,328000000.0,4686319021.350241,7048908.0,52.9478802089007,54.66550346058424,1.86489922650968,12.5110983112812,14.4647344578468,5.86801249056611,5.70142474511345,5.67226654408222,7.25703796923527,7.79532150347589,64.82536111678711,6.59305301667821,8.13058910648548,24.8619726593511,9.26921098710196,7445164400.0,5.913414014502867,3.24231923668134,3020220000.0,3232253.0,180000.0,28.206901917499,9.279311650124445,28.045,40221166.0,2.74531608148513,9503893.0,5817885.0,6.52883792074946,7.09012511168746,6.94765696492898,5.98022701188164,4.000000003,6.53148693707705,23170223.0,5.56717296244787,6.87090628089471,8886298.0,7.84014198628163
1966,20157000000.0,72.019,47.1042584425456,76600311.0,35.848964600474815,1.44437297631261,2.79697294686456,10.4802783145276,4.39129323090024,6.01244038696087,4.17690823098419,6.9773973212695,9.22897042831947,64.2274151672511,64.005112510074,7.47304608685933,23.0248639446324,21.2279832202583,2.04516744613647,3.9092968375277697,6.35343,18167000000.0,55166778.0,21433533.0,36082008.0,19.847787732934403,2.13534642529878,4.25195397137105,3781495.0,5.56761970031241,7.2665830414315,5.2839728545948,6.13055714824583,7.5822250213818,49198400.0,25933785.0,6.34238951244555,17637117.0,8601218.0,9748105315.15412,3211000000.0,4845000.0,712000000.0,4766403435.97555,7067211.0,52.8957402522903,55.696752333409215,1.84763916045024,12.7477208881164,14.7669042696676,5.83256983977968,5.19167996788534,5.64757747139026,7.47804183673136,7.0033680165277,64.4770500016653,6.9280965018169,8.32174723899618,25.0426716838071,9.2478783579516,8052102610.0,5.849986381296366,3.53306035477688,3737140000.0,3227249.0,140000.0,29.203468786457,9.226086562494505,27.980999999999995,40518302.0,2.81198417268539,9764794.0,5983299.0,6.57389220980661,6.52864945656448,6.70538142884417,6.15990349890492,4.000000003,5.91481637866132,23264614.0,5.85913147163862,7.04951356206182,9035899.0,7.83608014575095
1967,21761000000.0,72.083,47.1519640931914,76951336.0,36.34197914820903,1.44719073321521,2.84124842597713,10.6706174561103,4.55164619058882,5.84203887424788,4.64686630412608,6.99757154977616,9.12603973654509,63.8051304712825,63.5105797496454,7.52839630485117,23.1880465372117,21.3981929207388,2.04516744613647,4.07767629351234,6.35343,17546000000.0,55468832.0,21482504.0,36284066.0,20.385230626348044,2.21013841756572,4.34758414845093,3871734.0,5.65597895171886,7.18470388460302,5.89153169859644,5.97002925704408,7.50870522353623,49098900.0,25828020.0,6.39811985413749,17843512.0,8702061.0,10303472458.447,1351000000.0,4845000.0,772000000.0,5037954037.291269,7086016.0,52.8480372025893,56.72720977455706,1.83053210632912,13.0068229915058,15.0912273296158,5.74780944891478,4.56196391281499,5.70559184132401,7.78600821507239,6.59090022518027,64.1352636483067,7.13047354030509,8.5153209930774,25.194118895583,9.15040159765443,8176362000.0,5.8091235813294215,1.79604992213171,3924730000.0,3222253.0,112000.0,29.7279776648559,9.208437914580196,27.917,40667271.0,2.87752581188028,10008924.0,6137190.0,6.61280938924461,5.79601795849562,6.47168296509564,6.42073372206073,4.000000003,5.60029999479216,23270881.0,6.05406565617682,7.23163323861483,9141451.0,7.76843982798651
1968,24888000000.0,72.147,47.1950332718467,77294314.0,36.719070981524716,1.44068999975426,2.90676128191658,10.8262767196429,4.67129663355261,5.68651381891575,5.07238966329332,6.88934127904008,8.8241394361041,63.4666023131663,63.102561506318,7.62567817873785,23.3043461820619,21.5208800397522,2.04516744613647,3.40638728996724,6.35343,20295000000.0,55765529.0,21528785.0,36479077.0,20.844115637054124,2.27753649443502,4.43617958059401,3949326.0,5.72623921729346,7.10429546353997,6.43914845856913,5.79962521168533,7.28773849884167,49056075.0,25755461.0,6.48143765916604,18012935.0,8783798.0,9293476123.85312,1218000000.0,4845000.0,589000000.0,4544109352.20696,7105358.0,52.8049680160476,57.56318661857884,1.80752880441948,13.2290515047718,15.3765584539298,5.65837227770157,3.93233319000818,5.93579670763479,8.18498329429425,6.44308806839722,63.8739155802065,7.24695784481721,8.7068673233372,25.2998077001506,8.96726219807555,10843279100.0,5.7692575641127695,1.47028931327699,5409310000.0,3217257.0,110000.0,30.1650649435156,9.192601153042123,27.852999999999994,40815238.0,2.93660316160737,10225305.0,6275979.0,6.67239514322714,5.04012931485849,6.32007456694087,6.76144294635268,4.000000003,5.49200597160877,23300615.0,6.18570593069393,7.41364636821216,9229136.0,7.62579601237399
1969,28852000000.0,72.211,47.232214177,77909682.0,36.935773388756715,1.42695379451749,2.99572094337552,10.9558347365561,4.74632231827355,5.49870330774479,5.31388919379065,6.86220014487737,8.41531745433929,63.2219043963162,62.7869328904896,7.77309461644846,23.3514999339433,21.5749042243228,2.01619410514832,3.3986228937298697,6.35343,24876000000.0,56259360.0,21650322.0,36798468.0,21.23725269122118,2.34001867876522,4.51295190128074,4031579.0,5.78278460715442,6.98057998231624,6.74505972992602,5.74450980290225,6.99429050498692,49255985.0,25812471.0,6.6035187458846,18193079.0,8869705.0,10384424279.3337,1243000000.0,4845000.0,875000000.0,5150518690.86432,7125165.0,52.7677871048461,58.173026079977895,1.78683768038957,13.4265956697406,15.6381628851876,5.55422882393743,3.52726455638947,6.26392115498827,8.5689173780889,6.39776371624698,63.7078541771495,7.30564844674632,8.87451465380915,25.3363110862944,8.68870181603678,7152711600.0,5.709775226735605,1.91267848797607,3049870000.0,3212283.0,113000.0,30.7420256515743,9.145416612020057,27.789,41111215.0,3.00240769798721,10460618.0,6429039.0,6.74336291913838,4.53589710714288,6.22347928464886,7.08896695972949,3.94333333594333,5.45382923189347,23443514.0,6.27695736780508,7.57180740495515,9323374.0,7.39957807348306
1970,34228000000.0,72.274,47.264502321955,78169289.0,36.97127043872422,1.4184523078697,3.1139374263227,11.1075611926207,4.79578134568456,5.20668463613608,5.353278885006,7.01259104564723,7.74250193778395,63.0446744955523,62.5307259213605,7.9657036258445,23.3084177739346,21.5464620228441,1.8713,3.0126306441914,10.96755314,29947000000.0,56496072.0,21673217.0,36946325.0,21.64640885861316,2.40954751222894,4.58712304477616,4103836.0,5.85092941798584,6.70790384232367,6.70306841851016,5.8570533193695,6.48113300095375,49281574.0,25777019.0,6.77262683169529,18220024.0,8882090.0,10863546102.9542,1407000000.0,8587000.0,1581000000.0,5805254072.212919,7141802.0,52.7354989552726,58.617679297337375,1.77939011274378,13.6469077305131,15.9228120557954,5.41726118906317,3.54693200096002,6.53701771635869,8.84494214103511,6.62830673927795,63.6181140369384,7.32859774567025,8.98079205401234,25.2743247704408,8.32782909058398,13878868480.0,5.675281283272224,3.45024936360888,9629750000.0,3206311.0,115000.0,31.8027021959782,9.136327183428776,27.726,41222965.0,3.07521208080445,10667691.0,6563855.0,6.78478260035045,4.57462457015074,6.11805842851003,7.32575426768535,3.66000000266,5.65303306832878,23504555.0,6.32531440517802,7.66920377668761,9337934.0,7.10463141446125
1971,38845000000.0,72.332,47.2955417250372,78312842.0,36.81894778518968,1.41246360101701,3.2468768742481,11.2469475941766,4.79335016149849,4.76176453008055,5.34790239265635,7.2531594754181,7.0073363577279,62.9482575256143,62.328615542555,8.18616566040907,23.1768863675055,21.4383150683351,1.7933,3.0602135619165702,10.9279,34293000000.0,56645245.0,21667597.0,37038483.0,22.041684077445634,2.48549460738032,4.66947279970405,4165699.0,5.91735314096163,6.20090392453226,6.49343752384588,6.06002935183982,5.90516096839684,49296569.0,25725737.0,6.97574972043493,18150478.0,8848527.0,12248198760.2149,2404000000.0,8587000.0,1357000000.0,6829977561.04103,7123747.0,52.7044582749628,58.8606318626353,1.79425695741296,13.8748561068802,16.2330693891099,5.27359529950004,3.90832903688223,6.70132589497571,9.01415706053183,6.99435039066499,63.6387643828102,7.3768439443725,9.01859388772721,25.1142880230132,7.90952847487694,19312523394.8587,5.6332424725146835,5.2409744827309,14231068184.8587,3190964.0,125000.0,33.4694737028883,9.09652467982199,27.668000000000006,41274359.0,3.16074884106391,10865794.0,6700095.0,6.76739769555855,5.06685183302185,5.99482237460625,7.47804668828753,3.50739351008637,5.98934254283407,23570833.0,6.37262263963194,7.70531772662744,9301951.0,6.75724762127269
1972,46737000000.0,72.389,47.321879748164,78688452.0,36.43059872000832,1.40771307265571,3.38472892671555,11.3744395345722,4.7563133421206,4.20373606940389,5.42589528192465,7.58572958478619,6.63336576551299,62.9496077211971,62.1931478066382,8.41481045742379,22.9329190048324,21.225253102999,1.6303,3.16750756612331,10.9279,40378000000.0,56961784.0,21726668.0,37236855.0,22.426625858661488,2.56956255362549,4.77414805003671,4235484.0,5.98712634718692,5.53035014660937,6.29561134535114,6.34854179895207,5.62367120948174,49534072.0,25780052.0,7.18686961710738,18045559.0,8798206.0,13822052766.2923,853000000.0,8587000.0,1359000000.0,8478070553.993549,7106011.0,52.678118980276,58.85722457866981,1.82568419308033,14.1174732739705,16.5815990903628,5.16209602854953,4.37056257267532,6.74996334535378,8.94786635161786,7.23718900801558,63.7916893447627,7.47528533692294,8.98339982850476,24.8338711206651,7.43566083473657,26942103304.4957,5.5750869741017945,5.48493312214326,19325763804.4957,3175669.0,125000.0,35.305251951825,9.030563976528603,27.611000000000004,41451596.0,3.25076213951372,11108821.0,6873337.0,6.73050738829162,5.67649183383975,5.86704677722803,7.43821564991159,3.18864166566667,6.23408524484794,23754019.0,6.44862641212497,7.68195691282936,9247353.0,6.35642657306222
1973,67563000000.0,72.446,47.3407876135225,78936666.0,35.78190073582256,1.40437770223094,3.50035064768289,11.4991697164993,4.71858669012955,3.64187040112658,5.67343184764376,8.01077606417896,6.52513483002532,63.0619295656479,62.1469548524003,8.6482439522421,22.5647575835225,20.8958691879649,1.3665,3.15961733306638,10.9279,54891000000.0,57186457.0,21750209.0,37369239.0,22.792377144692686,2.66375785824675,4.87053697153976,4297152.0,6.0793816761219,4.83275001343672,6.17819359994154,6.71887769294538,5.55051513532003,49778985.0,25832890.0,7.40027647351062,17811867.0,8685875.0,15356372162.1692,1742000000.0,8587000.0,224000000.0,11237904808.0976,7088671.0,52.6592123864775,58.57427788051525,1.87585467645594,14.3733128508296,16.9571759596348,5.06542682318167,4.79626688266054,6.67639364077418,8.68555418142746,7.38767241296557,64.0796956698989,7.61716858591479,8.86163725045763,24.4211346136018,6.91125341090209,41407633837.3906,5.526640686972441,7.03202399303896,28205911337.3906,3160490.0,125000.0,37.7879257398802,8.980200658588748,27.554000000000002,41567427.0,3.34349945372638,11345814.0,7048662.0,6.69862092871235,6.23553244530019,5.7292147258891,7.24497903998822,2.67259999908333,6.40813074627872,23946095.0,6.55014052458804,7.58234716236384,9125992.0,5.91324555209049
1974,89368000000.0,72.503,47.3577042862619,78967433.0,34.919140312368086,1.40463749507643,3.59256115035204,11.6186592117148,4.67109441075879,3.28513261282591,6.01635965286113,8.41694345942426,6.5233483614033,63.2699547885922,62.1784847282836,8.85727468762456,22.0933237498318,20.4697050591393,1.3231,3.2611413303770798,10.9279,69661000000.0,57253758.0,21713675.0,37397163.0,23.13376275670196,2.77218667122777,4.9607403444694,4345049.0,6.18257575514127,4.37156463063996,6.11158356817189,7.07580712537626,5.545966812856,49962659.0,25847763.0,7.58919332777822,17446531.0,8509311.0,17154255626.0495,2132000000.0,8587000.0,1189000000.0,12965199626.6718,7071651.0,52.6422944418057,58.05290306907004,1.95036615552751,14.6367214615759,17.3518102125772,4.93611419616057,5.04907886458046,6.67765014850248,8.3064255530807,7.46752322856138,64.48322068447,7.80464460706982,8.63480331584874,23.8981201038152,6.40604210034193,49293767750.2605,5.493721477636455,6.98643109327502,27358756750.2605,3145362.0,123000.0,40.4279531332749,8.9551486370337,27.497,41570269.0,3.43630744173872,11558243.0,7213194.0,6.62409994594282,6.56453387197385,5.70094660840034,6.96899870113437,2.587749999,6.52982062065708,24114895.0,6.68516284313102,7.39158246059519,8937219.0,5.48892927076585
1975,90176000000.0,72.56,47.3747658539942,78673554.0,33.89549543080069,1.40596769377898,3.66448534633466,11.7052070539058,4.59231573182537,3.32408210257928,6.30563436529837,8.71156330448462,6.79160593534317,63.5792210108957,62.305690847942,9.00014185820919,21.5504926180763,19.9747264625131,1.2579,3.2832161608145802,16.34623116,74931000000.0,57085531.0,21588023.0,37271412.0,23.38859512547703,2.87779007268517,5.05923458876923,4362696.0,6.25872502778456,4.43439553588371,6.03587741106039,7.34116577020334,5.77438191467528,50020033.0,25795891.0,7.713413453533,16954538.0,8269965.0,18090849367.7044,1835000000.0,12834000.0,1422000000.0,14381443615.8645,7054977.0,52.6252354196719,57.284090556277725,2.04243828196683,14.870286371028,17.7195826895449,4.70243227614756,5.10962972587759,6.84905629206085,7.66138643070106,7.50586665626758,64.9938945049442,8.03263741618412,8.31261414407134,23.3008984411499,5.9881424388694,42710976245.1883,5.483536625068794,5.91033626324096,26215752995.1883,3130306.0,122000.0,42.8173811077969,8.96740599770032,27.44,41402143.0,3.52383300030592,11698983.0,7336287.0,6.4008570615365,6.55538686361753,5.8364590957144,6.46784252450269,2.46029166608333,6.59393793298404,24224142.0,6.86538673776415,7.12404085200804,8684574.0,5.13727215697209
1976,102162000000.0,72.617,47.3916002681632,78336950.0,32.75158317070823,1.4163395976308,3.68955629113225,11.7498515303298,4.50150238744992,3.68289869988215,6.48801183228314,8.89208082280773,7.18583240886609,63.9844460384827,62.5285045045246,9.06716537522635,20.9559188341781,19.43028430771,1.2874,3.1355665940907897,18.13582873,88421000000.0,56885943.0,21451007.0,37125134.0,23.536400038113886,2.99136158923559,5.15344389525296,4362148.0,6.27958687250506,4.93766100138433,5.94089415483875,7.5159596178247,6.13182025844537,50123464.0,25769132.0,7.77092637018493,16416228.0,8007573.0,18731874833.0984,1387000000.0,14212000.0,1655000000.0,14549820054.759,7038629.0,52.6083997318368,56.287983208822126,2.14245325411684,15.0596351273392,18.0412111877654,4.31775556160296,5.12541225737001,7.10616884327267,6.94930414573525,7.5703315277147,65.6006554893361,8.2828593898014,7.92142286713361,22.6494929803341,5.6609047379741,45867199927.0955,5.476400382428397,4.24663102299216,30018848177.0955,3115302.0,122000.0,44.6356772971534,8.985068987240377,27.382999999999996,41211816.0,3.61681883077176,11797259.0,7435111.0,5.94327249910339,6.37846583793477,6.06084954384364,5.89942170092269,2.51799999908333,6.64025714061481,24354331.0,7.07990274961217,6.79664449461998,8408655.0,4.8627134429051
1977,118072000000.0,72.674,47.4087943750135,78159814.0,31.558251512646578,1.44405119205612,3.68732956067577,11.818732304165,4.43531867715199,4.13419226633738,6.55037245884563,8.824673840058,7.44072172937473,64.4011043440971,62.7569101440886,9.04763665897269,20.323862158621,18.852344018241,1.1873,3.0382937113130297,20.13263093,101458000000.0,56801863.0,21357951.0,37054626.0,23.718590013788006,3.12493508813568,5.25170573946131,4379387.0,6.28027065468631,5.55332948502073,5.83396144013139,7.48433841177628,6.38066564577358,50335783.0,25796346.0,7.76056684324638,15885093.0,7749291.0,19339954789.9919,1042000000.0,15748000.0,1925000000.0,16288883939.318201,7022675.0,52.5912056249865,55.27684152643458,2.25203287428111,15.2750334972819,18.3907458376705,3.82267046993062,5.2148283285664,7.44590459088138,6.58525969648467,7.67726596451118,66.225030866947,8.52914152195699,7.45720468512883,21.956236828888,5.45139548478651,54220834449.6053,5.458291042320214,3.73416240635144,34708074199.6053,3100411.0,120000.0,46.3024459786041,8.985020102529926,27.325999999999993,41105188.0,3.73383435538716,11938938.0,7559551.0,5.31820344354576,6.20540224474692,6.36525999792817,5.62069014847167,2.32218333241667,6.70045894002263,24539438.0,7.29460038667143,6.40415880294944,8135801.0,4.68761837204514
1978,142453000000.0,72.73,47.4262717651471,78091820.0,30.336169845988355,1.48418595638115,3.67912106016176,11.8861164695214,4.37750066337757,4.54409924803704,6.48291051593558,8.55170057600754,7.58572560002755,64.8348516820129,62.9924360808363,8.92697175058083,19.6684108317103,18.2537187608448,1.027,3.04944455208258,22.16556508,121754000000.0,56796181.0,21295639.0,37036039.0,23.901862260845768,3.26663040413765,5.36506114587448,4402147.0,6.28008579045832,6.11516729733841,5.70915317493011,7.28491525570735,6.54352512127871,50630716.0,25862037.0,7.66532828601029,15359420.0,7494207.0,20703898841.9095,691000000.0,17305000.0,1602000000.0,20159786212.046402,7007045.0,52.5737282348529,54.23803210683412,2.34530878960094,15.4967374862769,18.7538451583189,3.31772241041364,5.46245282929691,7.86701659693043,6.47707549405593,7.81745739698067,66.8772356499446,8.77107498225929,6.92312989979454,21.236647880534,5.3865462301586,75286223391.8784,5.432706822312578,2.71869696123344,48474035391.8784,3085570.0,83500.0,47.5612691704011,8.972828396111142,27.27,41055781.0,3.84206781784847,12101684.0,7699538.0,4.65865446039339,6.10546821590793,6.74570138952437,5.54649073541598,2.00862499916667,6.77808891501948,24768679.0,7.50527151532055,5.95707300092454,7865213.0,4.63131747390993
1979,171804000000.0,72.787,47.4461593613828,78126350.0,29.089015056112533,1.53572873980982,3.65989987643238,11.8992674195057,4.28390814931268,4.78468017471155,6.4847022708371,8.1588628246639,7.65032192216843,65.329647119894,63.283556228392,8.69393070948797,19.0037506805269,17.6486522475037,0.9371,2.9641823832573,24.27879547,159646000000.0,56865826.0,21260524.0,37067953.0,23.98084517358449,3.41178440819916,5.48274650052143,4410815.0,6.23247589623912,6.44829017595185,5.68835508068431,6.99642586828579,6.64576154843345,51039669.0,25983214.0,7.47405211879078,14846937.0,7246254.0,21856991639.4244,65000000.0,18917000.0,1420000000.0,23323130253.4145,6991768.0,52.5538406386172,53.06986022969702,2.41973065395077,15.666602199579,19.0677915241043,3.00024457626138,5.7975881017916,8.26129460356944,6.47364000660084,7.99913151960981,67.5960041624626,8.98553816224859,6.39968554442036,20.5047284180317,5.41111216412337,101318444090.898,5.400081588544937,4.04362006473392,52549420090.8978,3070801.0,87000.0,49.4844661936176,8.949308395950919,27.212999999999994,41058397.0,3.94078471914453,12239744.0,7828930.0,4.2239483126131,6.05248779800432,7.1084199280265,5.53855060139814,1.8328833325,6.89002186508243,25056455.0,7.69129504991214,5.52319198822059,7600683.0,4.65140814049236
1980,192860000000.0,72.844,47.4702199423467,78288576.0,27.870553343317223,1.59993553509702,3.61642716518081,11.7881037772279,4.08913006747447,4.84131719313139,6.65083542901591,7.5001315485911,7.66926932022269,65.9370413218311,63.7101068828549,8.35923795681788,18.3770181132372,17.0815473677904,0.9294,2.96134975965833,26.26618588,188002000000.0,57028530.0,21260046.0,37163759.0,23.78927049136487,3.55759882043555,5.57272153445186,4380902.0,6.03455103014147,6.44479978847407,5.82617601095455,6.47781278193016,6.68660017291716,51621171.0,26200665.0,7.20003120810205,14387106.0,7024755.0,23350835124.8579,150000000.0,20431600.0,1589000000.0,25125769751.654198,6976821.0,52.5297800576533,51.65982383468209,2.48261100947559,15.6859405649318,19.2083457493547,3.04714606719543,6.07416919448038,8.53486311187664,6.73873534451879,8.21737265223002,68.4013310686303,9.127491207368,5.96138134172197,19.8105651541418,5.48994585560192,104701722862.371,5.358865115408025,5.44105754460348,48591933862.3714,3056082.0,94000.0,52.1769444748521,8.911671863848948,27.156000000000006,41124817.0,4.04347436432581,12280300.0,7899397.0,4.29469934106657,5.98480822288458,7.37145795873169,5.76207238635082,1.81766666583333,7.0502851801847,25420506.0,7.81139503936058,5.15897801688762,7362351.0,4.72253814280076
1981,176047000000.0,72.989,47.4998168553313,78407907.0,26.66548998003429,1.67041104442591,3.55943326216936,11.4942160078392,3.75349835804154,4.85400544626171,6.89610223330822,6.78079054737942,7.71536398404666,66.7378145028552,64.3839424291091,7.95388979717731,17.7959649203848,16.556145104145,1.1555,3.0418796886871,27.86386353,163941000000.0,57229147.0,21178760.0,37243612.0,23.1745986123914,3.70778849808138,5.6073508318111,4280861.0,5.60586497321286,6.27232404467383,6.04913508808493,5.8935012075666,6.71377238902034,52327724.0,26503197.0,6.86373867523201,13953444.0,6815221.0,25119538281.2092,261000000.0,21645900.0,1900000000.0,21738730858.1498,6962105.0,52.5001844319269,49.840088592425694,2.51087334320244,15.46622057676,19.0599124667459,3.38172724954298,6.24364540808338,8.69353092905351,7.12493698677069,8.459343870545,69.3394817903674,9.19003513537585,5.61917233065879,19.1663022017933,5.5932400739572,81553651369.2458,5.332150066818224,6.34424277746331,43718806369.2458,3051544.0,100000.0,55.487176506199,8.879340447131181,27.010999999999996,41164296.0,4.1389081636406,12126740.0,7845879.0,4.78801873260675,5.89336512645736,7.53894003849502,6.11373561034216,2.25999999908333,7.25320771371477,25824528.0,7.86794247814734,4.87492797508857,7138223.0,4.81747845382437
1982,176424000000.0,73.107,47.5354549639784,78333366.0,25.506143365348876,1.74548893729563,3.52027789084662,11.1019345925623,3.31887365310933,4.9357794439955,7.221084486317,6.41743135069483,7.80901203391879,67.6378593701903,65.1954767673891,7.47952746239199,17.2518094539613,16.0623878520041,1.2407,3.03429562949999,29.08320441,155323000000.0,57267174.0,21066192.0,37236122.0,22.340049297310618,3.86995944467649,5.6213438890687,4133930.0,5.01539013780136,6.10281325741303,6.35208410126844,5.60757232453621,6.76601324737323,52983012.0,26793544.0,6.46525529435304,13513923.0,6601199.0,26101314434.5219,453000000.0,22571600.0,1516000000.0,21037571076.426098,6935033.0,52.4645450360216,47.8461926626595,2.51729411131068,15.1103311758484,18.7421353806069,3.79360059671796,6.29703822224323,8.61223960845561,7.37267910300722,8.70597011514897,70.33349975392,9.16866479342086,5.40622231565893,18.5645656535178,5.67881587546684,88250228616.2792,5.323274726285603,5.24104507228424,44761572816.2792,3048489.0,100000.0,58.3952844362268,8.85322992503603,26.893,41097244.0,4.23544190906033,11836431.0,7702501.0,5.38577338810131,5.78876018810275,7.50021262116797,6.35976007540064,2.42659166575,7.46874493390005,26189468.0,7.86374263012545,4.69892167237557,6912724.0,4.89821088527546
1983,169417000000.0,73.103,47.576353751816,78128282.0,24.46158421262701,1.81578214332124,3.48717264458949,10.7009232596969,2.87809246839673,5.16743909262596,7.62632971363345,6.30996895369687,7.94013257231156,68.5075056244474,65.9887208405074,6.93709232682328,16.7580205129525,15.6162122879449,1.3055,3.0269739405214002,30.14926734,152877000000.0,57114118.0,21014164.0,37170588.0,21.50782371567217,4.02744792871566,5.6326692801672404,3977596.0,4.39215699969105,6.0043146392765,6.73035378463235,5.53041897418237,6.84544009696884,53523737.0,27027458.0,6.01405938018431,13092754.0,6396040.0,27190398815.5216,434000000.0,23385600.0,2216000000.0,20828212902.3652,6894482.0,52.423646248184,45.96940792829918,2.51987600338947,14.7344738626001,18.3950668715476,4.16043847583505,6.22483113243681,8.33547328421994,7.51600972985864,8.95553356613849,71.2829154717074,9.04675895095062,5.34445265046867,18.0161612685957,5.73461629130372,78986153756.2804,5.325000379065646,3.29341474302845,42674220756.2804,3041327.0,115000.0,60.3184833430829,8.824566243501938,26.897000000000006,40957694.0,4.34279266297369,11511791.0,7534195.0,5.92687561178221,5.6654152984784,7.29363915695363,6.52547444960904,2.55325833241667,7.68963222769892,26496279.0,7.77715660092518,4.64718516918555,6696713.0,4.95496773857505
1984,171735000000.0,72.943,47.6227150346406,77858685.0,23.616370437416737,1.88533597063659,3.42239609876049,10.43214517754,2.6076102686826,5.47942414968688,8.0054635241531,6.30868605565698,8.11429600271217,69.1523712022981,66.5362629390067,6.40609874437942,16.3312805109477,15.2339309592779,1.4551,2.92622466159061,31.48259581,153022000000.0,56792461.0,21066224.0,37078420.0,20.99183027873841,4.18892987727376,5.60005791035571,3868075.0,3.98482344036346,5.9499739984275,7.08816428307432,5.52194489399412,6.96629729534419,53841127.0,27133664.0,5.57651029164096,12715320.0,6212437.0,27565036312.1836,412000000.0,24420600.0,2839000000.0,18943609976.0043,6850568.0,52.3772849653594,44.608200716155146,2.51680283946029,14.5163482867543,18.2298061017155,4.37031851386967,6.22153182221148,7.94937702048358,7.58451899884461,9.1813310082459,72.0296672523375,8.81472015647319,5.37520181741008,17.5381875701225,5.75688700833301,69485148465.606,5.357654777453648,2.40579339931964,40140537865.6059,3042744.0,126600.0,61.7696214339205,8.798720399657405,27.057000000000002,40780265.0,4.45599487372254,11302238.0,7434163.0,6.24408171326438,5.64428199724369,6.99877833959727,6.63507506784924,2.84594166616667,7.89191537172403,26707463.0,7.5957499784879,4.67526807414495,6502883.0,4.98215259349195
1985,183933000000.0,72.711,47.6776111761015,77684873.0,23.060852876580622,1.95314886510152,3.2690640834355,10.3757805153474,2.65622372569986,5.73349542216214,8.26725427401586,6.57952341221523,8.3296983383968,69.4254585928213,66.6683750803542,5.96331156937944,16.0101021901315,14.9503638742682,1.5052,2.86737948445472,32.70503586,158488000000.0,56485448.0,21199425.0,37038292.0,20.978527853008355,4.35117457564352,5.42574216820025,3843012.0,4.0577840651012,5.88132366464731,7.34498985961701,5.74988904850084,7.14463527515597,53933079.0,27098416.0,5.21056697191514,12437428.0,6076812.0,28226770382.9207,130000000.0,25391800.0,1331000000.0,18752463333.125603,6832878.0,52.3223901119141,44.03938072958898,2.49734384111055,14.5644392170472,18.3812610453776,4.41891204850314,6.37995607803189,7.30693483012504,7.61357518209835,9.33699299756322,72.4511386914021,8.48479610829043,5.46639167631117,17.1730807932505,5.74337754755986,75504358024.6046,5.4181813340667855,2.06623301216578,44379844024.6046,3060484.0,475000.0,63.045925743478,8.795635155379607,27.289,40646582.0,4.54656023643264,11314366.0,7471354.0,6.23746268368478,5.77825019272888,6.47658398104429,6.68936764433594,2.9439666665,8.03267191014276,26834664.0,7.33320082049645,4.76116801289788,6360616.0,4.97862888945516
1986,243326000000.0,72.617,47.7462495609283,77720436.0,22.749184135586503,2.00101159718824,2.99333328137925,10.4102688945601,2.94932036451686,5.88256053583021,8.41769377941757,6.96859608391909,8.5741819072159,69.4791198438962,66.5742134850641,5.62181832541996,15.8059335678412,14.7774912869634,1.1103,2.79032856698511,33.66088646,190872000000.0,56438249.0,21282187.0,37108593.0,21.17894849903633,4.50751997802395,5.0304030198175,3863104.0,4.52395577123619,5.78770642023111,7.50402802378994,6.10861638957031,7.3717594897889,53999475.0,27037015.0,4.9287652749323,12284440.0,6001412.0,28939334666.7727,310000000.0,26189300.0,1384000000.0,26065367271.4253,6856896.0,52.2537504390717,43.928132634622834,2.46660365147579,14.7149465882626,18.6482952279725,4.42863218716295,6.61178054039813,6.60841429253658,7.67171387146218,9.41207343761111,72.658264829651,8.08261819409726,5.58407893166141,16.9314662757889,5.72556901870752,88940673107.793,5.4846722831532215,-0.129413360854693,51734029307.793,3095453.0,547900.0,62.9643358920914,8.82251355357811,27.382999999999996,40611843.0,4.58641645889482,11436521.0,7573416.0,6.06596498964511,5.99221053596822,5.89035879616989,6.73562148501057,2.17148333308333,8.11060152445057,26962460.0,7.00734583043948,4.87464546946204,6283029.0,4.9740805425691
1987,294369000000.0,72.836,47.8274375008764,77839920.0,22.661848482281354,2.04151268388975,2.63703130648597,10.4300935551631,3.30221467988566,5.91644208604522,8.33274384657487,7.21745319550999,8.8239514262197,69.4394591748535,66.4176420406631,5.41280039660633,15.7362646712125,14.7298631217894,0.919,2.77229902629809,34.58418508,228441000000.0,56695484.0,21144436.0,37228839.0,21.348490967495348,4.68035318276979,4.48627592030503,3883003.0,5.07868147877738,5.67528417803226,7.4516037452879,6.36129947553044,7.6097512736328,54051619.0,26972923.0,4.75783092893415,12249096.0,5981957.0,29528588618.8089,320000000.0,27007100.0,929000000.0,32131496921.419197,7076750.0,52.1725637796826,44.0103394497767,2.44933488490175,14.824276153934,18.8524948375475,4.49533230908113,6.91422049296587,6.2589798557247,7.7742343718314,9.39616010913743,72.7358085815385,7.6062908884482,5.6803934704966,16.8340978632984,5.74090399619544,124833918206.129,5.772928933810672,0.249906108704984,78756312006.1286,3272990.0,596200.0,63.1216876137913,9.091414790765457,27.164,40611082.0,4.60718425569531,11539205.0,7656202.0,5.89178669006397,6.28014739033015,5.60262332589462,6.80724936537575,1.79739166666667,8.12286032493503,27078697.0,6.61503627158019,4.97181761096464,6267139.0,5.00021458189059
1988,323323000000.0,72.999,47.9170496319137,78144619.0,22.812676592230783,2.08057139062725,2.28212777872168,10.4053939093956,3.60640432003762,5.83045335169019,8.05603811944315,7.36265792386509,9.07380699831351,69.3174657765095,66.2056726214667,5.35330745832963,15.8131697060292,14.8180468804991,0.8979,2.64090993011822,35.45371522,250467000000.0,57044790.0,21099829.0,37444596.0,21.45110745539745,4.86308911859159,3.91776311902312,3896258.0,5.5701330838215,5.54047566323859,7.22786472468056,6.53202608747158,7.84694808823525,54167870.0,26945724.0,4.71072723973405,12357141.0,6030948.0,29665077154.0249,429000000.0,27823200.0,1397000000.0,33036667268.810596,7018943.0,52.0829503680863,44.263784047628235,2.43629042000906,14.8693645174612,18.9762804980343,4.69303002115433,7.28909815911912,6.15612380952862,7.90915925508901,9.27098487646978,72.6997977375722,7.0584452228994,5.74359584084902,16.8948083530322,5.79790505385355,97575978902.4572,5.704219438795375,1.27411894006919,58527563402.4573,3253960.0,610200.0,63.9259329909699,8.98199145356381,27.001000000000005,40700023.0,4.62529517659805,11619608.0,7723351.0,5.78309670396255,6.63638977249098,5.52433803362592,6.9039267653034,1.756225,8.04564938093131,27222146.0,6.16495740152651,5.042912614124,6326193.0,5.06440702664101
1989,341231000000.0,72.976,48.0129653089512,78751283.0,23.089259611728245,2.11360229832986,2.07233428712193,10.3555220757072,3.77250825726414,5.81159245394364,7.67713406046655,7.43475426874115,9.29638588526601,69.1574384033907,65.9704708310938,5.38557113400729,15.9679400380438,14.9812636720936,0.9613,2.53243053363675,36.55486833,269702000000.0,57469536.0,21281747.0,37810826.0,21.508346037823912,5.04208816899485,3.55200797887883,3915508.0,5.84945289566644,5.50425494582861,6.91873853502638,6.6450312848591,8.0589164776447,54462370.0,27008612.0,4.74434756394344,12574958.0,6133398.0,30405880445.163,707000000.0,28847800.0,1287000000.0,31631605144.5129,7146814.0,51.9870334238857,44.59760564955216,2.39707723299126,14.8746215585655,19.0482654968126,4.95977282733778,7.63728858358798,6.15379905409385,8.0834325621407,9.03437696724258,72.6081935997964,6.51965693697612,5.77123101145952,17.0362843244964,5.87948217902964,98876658479.0916,5.8832822314765165,2.78056955569753,60708676479.0917,3381095.0,628500.0,65.7034380219124,9.075171511808893,27.024,40940456.0,4.60471645327253,11713955.0,7798447.0,5.71760093835382,6.96996053667066,5.51854333592301,7.04147804840042,1.88004166666667,7.87007548849957,27453758.0,5.72587123988748,5.08323736748917,6441560.0,5.15367874066098
1990,421100000000.0,73.118,48.1123304772991,79433029.0,23.41013775247348,2.13556886374318,2.12055715198931,10.3550224657173,3.80840645907148,5.94857638300681,7.05685184672599,7.4712536522061,9.44730425664059,68.9575360252355,65.7195827585156,5.47745479196491,16.143053873774,15.1672684673865,0.8261,2.51843270660831,40.17502993,355686000000.0,58079842.0,21353187.0,38217081.0,21.606645433158814,5.19607380119318,3.62314547300614,3957387.0,5.83393845254678,5.62062527946674,6.39197835921293,6.7053963197987,8.20352742109705,54775060.0,27086949.0,4.8374203212488,12822917.0,6251333.0,32907856490.7095,716000000.0,31887000.0,1856000000.0,39834666879.765,7228538.0,51.8876695227009,45.01678318563229,2.29048999091337,14.8994101009906,19.1131487740979,5.17325584138896,7.87452073489904,6.41349557731273,8.2951838579201,8.70194952707674,72.4495690938224,6.06717741664533,5.76282265327403,17.1954084404603,5.95513099522137,104547296415.9,5.891307348942168,2.69646824292392,67902226415.8996,3421662.0,816000.0,67.4751103626825,9.100166632195279,26.882000000000005,41215948.0,4.45999104735179,11835053.0,7877665.0,5.64051560163459,7.20611086836196,5.74980735537631,7.23155804852666,1.61573333333333,7.61260893208165,27688111.0,5.35745457295905,5.09137492352795,6571583.0,5.23847322260977
1991,402843000000.0,73.269,48.2092576440577,80013896.0,23.67414640373453,2.14658107165389,2.36136095586848,10.4237385135618,3.81898024886732,6.16281414725959,6.38788854595357,7.53928859667365,9.52090660452823,68.7667653640832,65.511502504643,5.59681729638549,16.279944782077,15.3188883766438,0.8485,1.9978349881887898,42.05373806,389908000000.0,58625381.0,21388515.0,38574105.0,21.744937495919885,5.32149229366861,4.04529349377385,4020864.0,5.67168429202177,5.82035096891506,5.80964568097947,6.762455020007,8.2819514192606,55022968.0,27147830.0,4.95844161010047,13026218.0,6348115.0,31561797143.4065,694000000.0,33559719.0,2446000000.0,37196729730.2406,7284512.0,51.7907423559423,45.41908389965441,2.0968162371721,14.9532898538398,19.1696091187132,5.29584343479588,8.01276998066033,6.79099007353294,8.53353906939799,8.29859644087924,72.2638630271505,5.72122613346913,5.75035125270699,17.3123984592877,5.96522991019521,96657198481.9809,5.867494490142418,4.04703259753471,63000843281.9809,3439841.0,821500.0,70.2058500742828,9.104058625016835,26.730999999999995,41439791.0,4.13113903924898,11964710.0,7943846.0,5.54258933489591,7.35155434877129,6.11157617502542,7.46350076295591,1.65954166666667,7.29201775309108,27875138.0,5.07586104074126,5.09599772485109,6678103.0,5.26444904169224
1992,430042000000.0,73.36,48.2990817408833,80624598.0,23.8121259632134,2.17154509105499,2.65003932930137,10.5560704494646,3.88353585946598,6.45403632008256,6.05871559699339,7.65425311848408,9.50913221705458,68.6285049703242,65.3899256649975,5.69883009558527,16.3419064864136,15.4013179286328,0.7985,1.8604799411357902,44.16286983,408619000000.0,59146205.0,21478393.0,38940940.0,21.899920725021225,5.46219853276615,4.54723625830506,4110633.0,5.51315503797658,6.10004471776981,5.52876755168848,6.84924400972278,8.29579983590221,55331456.0,27256913.0,5.06423015632988,13175596.0,6419833.0,31541088538.0634,685000000.0,35420843.0,1526000000.0,39502452271.2667,7336044.0,51.7009182591167,45.71204668823462,1.85095016964222,15.0295885432622,19.2087564063698,5.32364836003486,7.93665585626088,7.03928280990595,8.78137170370414,7.82563263693628,72.0951862798911,5.51245766043434,5.77134748813016,17.3487432706444,5.87856568692895,122685815300.301,5.842937852056611,5.05697796731731,90967080300.3011,3455876.0,1236000.0,73.7561444443071,9.099014670435938,26.64,41683658.0,3.68616657732196,12117545.0,8006912.0,5.43193089921688,7.2971524139939,6.36950045044538,7.7037698915157,1.56165,6.90597381703798,28074543.0,4.90774207770435,5.12868422707096,6755764.0,5.20840354523193
1993,380096000000.0,73.497,48.3815160142999,81156363.0,23.882608275456004,2.20261308388919,2.89711519283887,10.7742862694774,4.06382963714009,6.82161883452072,5.97173616228235,7.80425022141246,9.39288799447447,68.4909991733261,65.30454453968,5.77074559403633,16.3574375730141,15.4411119590281,0.8453,1.6935383226344198,45.92081207,342611000000.0,59647492.0,21508871.0,39264679.0,22.121977798104673,5.61352455408842,4.99221546835355,4230489.0,5.42078246943622,6.4535742544874,5.46335316888371,6.96452483388579,8.22409747075634,55584804.0,27357173.0,5.14537188777724,13275101.0,6468542.0,29612364340.4242,535000000.0,37000000.0,1559000000.0,35030537589.3725,7384058.0,51.6184839857001,46.00458607356068,1.61072835560925,15.1515632536598,19.254343501292,5.25342732380474,7.6833747299281,7.19158703193149,9.03364763962453,7.28466427714363,71.8906437282716,5.45344951314911,5.83352091666362,17.335070002251,5.73080349155105,114821960532.991,5.8184391055369105,4.47457650752809,77639894484.7905,3470553.0,1418000.0,77.0564195564705,9.09855706569798,26.503,41891684.0,3.22782100941379,12296458.0,8065969.0,5.30519444282082,7.07981591992443,6.54523271761963,7.9417634851235,1.65332083333333,6.4629934019323,28227630.0,4.86399484424601,5.1971032641271,6806560.0,5.09863680712373
1994,426935000000.0,73.71,48.455059156086,81438348.0,23.875260033876806,2.21698429265829,3.03818441976754,11.0439048974979,4.30700859947067,7.17223069033215,5.98453000578034,7.99358136035785,9.16983695589772,68.369268631737,65.253307192856,5.80864357209049,16.3233407094171,15.4313927124752,0.8297,1.5502764327538898,47.97104369,381388000000.0,60028206.0,21410142.0,39461000.0,22.38928520068939,5.73998209286477,5.25335372607821,4358035.0,5.37179876616922,6.79106803915046,5.47695185519322,7.12096219957648,8.05862581542276,55678803.0,27391608.0,5.19528314314358,13293459.0,6477689.0,28374554521.0511,423000000.0,38800000.0,2931000000.0,34197705639.6682,7391398.0,51.544940843914,46.26454523456619,1.48172758560138,15.3073906588459,19.3153000946687,5.25318486297609,7.3381455694888,7.27673936902922,9.25854500730542,6.74847279314419,71.683928665928,5.48866205161622,5.91710081287562,17.2721664365741,5.54642205160805,113840942069.166,5.786787964311311,2.6930563985495,77363207069.1661,3473705.0,1354600.0,79.1315923938292,9.07606573748279,26.29,41977348.0,2.95016550955653,12466086.0,8108051.0,5.27749103611832,6.78244260270962,6.6618076228326,8.15217318302879,1.62279416666667,6.02868115925482,28287195.0,4.90310367956897,5.28698957012993,6815770.0,4.94911999920174
1995,523461000000.0,73.922,48.5158560315289,81678051.0,23.755954593707106,2.1888327183808,3.08942904344796,11.3283164087729,4.50808228627605,7.42478122642731,6.2503372121266,8.21656133410118,8.85217991132574,68.2964303857972,65.2526750591839,5.80846371535268,16.2244689061907,15.356751096081,0.7327,1.49502201427653,51.77306603,463872000000.0,60378049.0,21300002.0,39626806.0,22.66458286100618,5.76761967223854,5.26401524814023,4489050.0,5.31463702991298,7.03633787964062,5.72515771225988,7.32285345328782,7.81339689502499,55783193.0,27439563.0,5.20895201407052,13251830.0,6457705.0,28388674024.6942,228000000.0,42000000.0,1552000000.0,38742699102.5497,7383559.0,51.4841452011631,46.42053745471328,1.54197236066808,15.4791007080121,19.3905738447352,5.404487557684,6.76394391437729,7.3299584785873,9.40940329902111,6.29264284350147,71.5264082940736,5.58211251692158,5.99282307151283,17.1452752971535,5.34398851028801,121816082182.873,5.749432215009134,1.70616041317077,85005217182.8733,3471395.0,1267900.0,80.4817042975643,9.039832500410668,26.078000000000003,42051246.0,3.04430189444342,12643028.0,8153978.0,5.40072698074287,6.27325088305888,6.72729779791598,8.29104216774669,1.4331325,5.66127741722869,28343631.0,5.00133387227743,5.36827684436514,6794125.0,4.77952223764533
1996,524649000000.0,74.133,48.5622938944131,81914831.0,23.57804911254587,2.0978170710535,3.12609952424758,11.5931943375749,4.63047126716572,7.58310248825119,6.62981832951427,8.4550018274985,8.45345680260467,68.2735435840689,65.30854216464,5.79505024427287,16.0975691956045,15.252476544891,0.7694,1.46585845994395,54.24296531,459098000000.0,60725922.0,21188909.0,39779721.0,22.89157249099786,5.62908626364996,5.14553082971821,4611740.0,5.23602971312253,7.19130512477128,6.09723971829706,7.55427987132401,7.49962807244947,55926158.0,27517826.0,5.21024138124931,13186297.0,6426648.0,28237124685.5922,246000000.0,44100000.0,1975000000.0,36701189772.0008,7367007.0,51.4377061055869,46.46962160354373,1.73880647510815,15.6288872203266,19.438981290469,5.63050002742419,6.13620187214212,7.41098038300888,9.47656468881824,5.9412247961957,71.4141051831925,5.69725396773474,6.00027134183095,16.9927004792325,5.19737889312872,118323129017.474,5.702614115928943,1.44972701963241,83177914017.474,3462965.0,1266000.0,81.6484693106268,8.99349593970352,25.867000000000004,42135110.0,3.42833448397828,12802377.0,8190636.0,5.60590797065102,5.70773774659382,6.78966402128127,8.35850542263374,1.50477416666667,5.37972532563045,28408332.0,5.12454889100787,5.38503029241247,6759649.0,4.65720487122926
1997,512891000000.0,74.342,48.5948532866025,82034771.0,23.40134449400308,1.97899377611382,3.20451834893827,11.8230008416565,4.67090840967235,7.53155611557889,6.87929163140286,8.69184931247666,7.97424353101763,68.2816304766706,65.4046031039426,5.80531828581562,15.9788196846933,15.1534137264354,0.8866,1.40930173264786,55.50364914,445731000000.0,60986289.0,21048482.0,39864677.0,23.050929203753896,5.402653141256,5.02366213909282,4713201.0,5.14110421372891,7.14582017089609,6.35915845075978,7.78505940882735,7.1142345018725,56014679.0,27581183.0,5.23010664513865,13108188.0,6390209.0,27722233452.7427,60000000.0,45200000.0,957000000.0,31267710403.0556,7328811.0,51.4051467133975,46.45227369775697,1.96858030693201,15.739549838636,19.4419831696219,5.9271313640438,5.82831964549226,7.53034066334001,9.44900403986254,5.7249809359096,71.3250394090173,5.78832216989306,5.90502832717574,16.8519597493262,5.14161313633489,105207935384.78,5.644329334418101,1.93937198922729,77586698432.98,3442267.0,1049000.0,83.2319368540699,8.933786138075524,25.658,42170094.0,3.87456367554422,12911904.0,8198703.0,5.88873920914047,5.43764282452489,6.87783108729506,8.35683227880754,1.73405583333333,5.21177035507058,28433497.0,5.22751481674836,5.31244079180047,6717979.0,4.61086628949632
1998,543752000000.0,74.551,48.6148800414718,82047195.0,23.227655484321474,1.87336526616557,3.37815366449473,12.0471369539425,4.63096000777736,7.30474828527281,7.03093592682317,8.9276151092445,7.42618880976932,68.2916576013829,65.5065877241349,5.85293596764775,15.8625512075326,15.0537573318744,0.8997,1.39089478616645,57.07494898,471474000000.0,61167004.0,20880191.0,39887145.0,23.203113883184297,5.18424043196263,4.95786462338978,4805259.0,5.03045350451627,6.93578362452515,6.53385508558534,8.00722902518278,6.67124843422524,56031389.0,27617610.0,5.27969677405402,13014778.0,6346672.0,28071455842.8472,543000000.0,46530000.0,1830000000.0,31200768077.998096,7275566.0,51.3851199585282,46.430769367505775,2.16465801550481,15.8457911910845,19.4396549439907,6.29570357072056,5.75509699863354,7.67915994005094,9.31274384836205,5.6577487825102,71.2354301585339,5.84548888714679,5.7479489115391,16.7174328875237,5.11654800833679,108265125242.492,5.57866296671977,0.911183535014417,74024121432.2423,3412301.0,949200.0,83.9903325585578,8.867537762869285,25.448999999999998,42160050.0,4.26709638412197,13001027.0,8195768.0,6.24421211779926,5.38164609530137,6.99219376806725,8.27037848960032,1.7596676,5.16939490351743,28413779.0,5.30064618033075,5.18352310099337,6668107.0,4.59053745682706
1999,543539000000.0,74.758,48.6264968295473,82100243.0,23.082971443023396,1.83497424687572,3.60341134181386,12.3810453777703,4.65861555571161,6.98776132458544,7.11461877017154,9.13114519925781,6.88325229312052,68.1951939972264,65.5057618774057,5.92036798354544,15.7414771380961,14.9455221370989,0.938283072395239,1.39507435456434,59.11205744,474047000000.0,61376500.0,20723743.0,39922472.0,23.554927965461427,5.09882771935243,4.93039874535397,4942819.0,5.01494438844956,6.64517513324408,6.64624795966077,8.19805497406004,6.23695453817508,55988420.0,27628870.0,5.34741556235556,12923791.0,6303688.0,28806611332.5281,129000000.0,48210000.0,1885000000.0,30690158425.5813,7249421.0,51.3735031704527,46.63789940848483,2.28404423336908,16.0633288646776,19.5487159854955,6.64990766748797,5.7790293304339,7.86435977643517,9.07204280970728,5.68634884580893,71.0365574213415,5.86809140433294,5.55821171838073,16.5823972008882,5.10381749896207,93407192492.0089,5.527776917875734,0.585433064230794,61038802742.0089,3392756.0,975500.0,84.482039736113,8.82996290278946,25.242000000000004,42177771.0,4.50454513233952,13188032.0,8245213.0,6.584458408823,5.40533386859296,7.14425064089146,8.09453975508053,0.938283072395239,5.21222988701073,28359550.0,5.33851671186699,5.01668549383548,6620103.0,4.58142108090782
2000,551810000000.0,74.965,48.6317933106391,82211508.0,22.966198664885656,1.89393264147495,3.79337460627564,12.8610576645114,4.82409713978374,6.44777036676435,7.16531245314081,9.25839767748109,6.42416852649403,67.9599139328551,65.3654903983931,5.98177364558077,15.6078090215116,14.821254048004,1.08270508132601,1.35888303317903,61.58058528,497197000000.0,61629857.0,20581651.0,39980931.0,24.179367530879688,5.23352108919886,4.89540942709468,5141971.0,5.14421566845543,6.14600160977249,6.70770326122872,8.31726329892026,5.87140024187168,55870870.0,27604224.0,5.40659502563209,12831415.0,6259101.0,28760487620.6275,113000000.0,50220000.0,1653000000.0,26497593164.388702,7259533.0,51.3682066893609,47.14556619576534,2.34965327697703,16.4322770456333,19.8132555536029,6.91200082662543,6.04442360286901,8.07971388230719,8.74110247434679,5.77331320593878,70.7003204711604,5.85411745519287,5.35328970772926,16.4386218643283,5.10355851101825,87496869035.2706,5.491521747324516,1.44026838719736,56890479485.2706,3384417.0,906000.0,85.6988078472918,8.830312418061958,25.035,42230577.0,4.54010936885393,13509223.0,8367252.0,6.83291083847434,5.65849615701312,7.33668326234302,7.84414138632072,1.08270508132601,5.31407058507195,28266646.0,5.33681975737686,4.83201132713038,6572314.0,4.58264769524149
2001,571645000000.0,75.17,48.6337448295132,82349925.0,22.795722626831278,2.00838536633933,3.91722121411466,13.3969297480574,5.05895442811469,5.85349025051643,7.24329511353249,9.30744738108587,6.07819368111165,67.7047121950968,65.2026320424325,5.98051205608615,15.4337785643802,14.655583127422,1.11653308564468,1.3234383027941001,64.19711382,486119000000.0,61902439.0,20447486.0,40049852.0,24.904483525896794,5.47936283748209,4.83987460384706,5365451.0,5.35322774795714,5.59255937193639,6.7682351797748,8.36918403739831,5.59663379278558,55754780.0,27580762.0,5.40528050435121,12709705.0,6199323.0,28848969843.4573,133000000.0,52330000.0,918000000.0,25815401959.228302,7293731.0,51.3662563972614,47.70020615272807,2.41236873948868,16.8615092405231,20.1417848301454,7.08246329980181,6.41885155346816,8.30966683211587,8.3373093862571,5.88473237802624,70.3473729559336,5.83192308001796,5.20942895505394,16.2556972960091,5.06575628486898,82131887553.9414,5.473840861100804,1.98385731334476,51403889553.9414,3388441.0,903000.0,87.3989499142195,8.856997744685255,24.83,42300074.0,4.46931964085915,13885440.0,8519990.0,6.99142077670188,6.03220992084936,7.55848056726351,7.53133408157628,1.11653308564468,5.4406009087702,28174019.0,5.32197340537623,4.70041525059545,6510383.0,4.54988737247537
2002,615831000000.0,75.374,48.6374093762042,82488495.0,22.53796540767732,2.1235221245294,3.96979726268365,13.9548314590999,5.35790915234024,5.56896276750672,7.36235111745571,9.27246932729745,5.87644429976316,67.4780855395371,65.0642193790347,5.88473219807471,15.2081874895084,14.4413734698297,1.05755899623965,1.3279581209234301,65.89850481,490283000000.0,62174878.0,20313617.0,40120267.0,25.658296518193847,5.69950425342614,4.76688426847415,5598716.0,5.63898639526133,5.33381411987257,6.85756823083415,8.36156806789456,5.44216440576032,55661657.0,27566557.0,5.32231918115971,12545005.0,6118554.0,29338445969.7493,71000000.0,53670000.0,924000000.0,27611355672.4383,7318274.0,51.3625906237958,48.196261925871156,2.50360291954661,17.3137269709545,20.4944071511356,7.05042143508506,6.66742990392614,8.54269753923514,7.86671504429627,5.97793634235205,70.0272020031317,5.84177422621406,5.1632003430276,16.0179665377683,4.97003399666603,89142540697.4245,5.454122483360562,1.42080615551521,51170639197.4245,3391094.0,980001.0,88.6407195744564,8.871872374444461,24.626000000000005,42368228.0,4.38903223397399,14281833.0,8683117.0,6.95403391906961,6.29912242591424,7.78590316272535,7.1537687884337,1.05755899623965,5.54648901278928,28095100.0,5.32978724574097,4.65391305786311,6426451.0,4.46514123080685
2003,751560000000.0,75.577,48.6456666217151,82534176.0,22.227200560844107,2.21198244022764,3.95308288202698,14.5454778633138,5.71827882794262,5.51074919138862,7.51380074104731,9.13767598673269,5.82671491411254,67.2508157803042,64.9191724488973,5.73492961731045,14.9479740812699,14.1956076622847,0.884047927184961,1.31692486502826,66.66887122,604612000000.0,62376854.0,20157322.0,40149300.0,26.469879500924126,5.86051211544328,4.67602456697184,5839908.0,5.99680857827503,5.2892916241613,6.97665035583866,8.27717709051265,5.41570780229147,55504907.0,27515911.0,5.19056777154781,12337187.0,6016791.0,29236785543.5194,63000000.0,54233000.0,1652000000.0,32997363017.129604,7330437.0,51.3543333782849,48.69708006176823,2.66213371311655,17.8012101384259,20.885219888818,6.84719299696456,6.81971376133157,8.77675389083321,7.33952593264416,6.04325983235872,69.7122886881464,5.89690144073299,5.14780797563713,15.7422334485398,4.85949585559225,96835206408.4992,5.435439241613564,1.03422218628564,50694032408.4992,3390456.0,960393.0,89.5574615623787,8.88169889767846,24.423000000000002,42384876.0,4.35187462812787,14692082.0,8852175.0,6.75380954095348,6.48126449068527,8.00866673918193,6.72305319013867,0.884047927184961,5.62112197329357,27988996.0,5.37242964184034,4.63764405945818,6320397.0,4.36739583127868
2004,909887000000.0,75.779,48.6589699568481,82516260.0,21.921094408879434,2.29397092340765,3.99937901340185,15.2110029943839,6.06227671677183,5.54327520586714,7.70024013917929,8.90382525696083,5.87059679667164,66.9508194336933,64.6934657720505,5.55609778505718,14.6763520145583,13.9370541001743,0.803921647747605,1.2689573964039902,67.09515474,715742000000.0,62529997.0,19986263.0,40151562.0,27.442276007057398,6.00963424462726,4.67368874013373,6107455.0,6.33965249960235,5.32317115632686,7.13297713536538,8.10372966477972,5.47074272071019,55245312.0,27407191.0,5.02490146566487,12110377.0,5904391.0,28813200434.2282,237000000.0,54526000.0,1102000000.0,35776573894.1079,7338962.0,51.3410300431519,49.36337041593683,2.85537634080258,18.3728285517484,21.3694801277751,6.55492878208523,6.90308817044934,8.97661846117847,6.82475423632235,6.07876740583569,69.3325973342312,5.97650287968121,5.1408073076133,15.4563996713849,4.75949457871442,97169968440.5447,5.418442607633581,1.66573696655992,48822652440.5447,3388152.0,876614.0,91.0492533059359,8.893958596766263,24.221000000000004,42364698.0,4.34650464341178,15160571.0,9053116.0,6.47183332637676,6.59882279012682,8.19903767324931,6.30049437906127,0.803921647747605,5.65761980583128,27838121.0,5.43503712022294,4.63078090239431,6205986.0,4.28137173211517
2005,970914000000.0,75.98,48.6812924388375,82469422.0,21.62282652285675,2.40665435474822,4.1690184778182,15.9137165416896,6.31964232926699,5.80441198971052,7.91463127239258,8.58610365620877,5.97268257577381,66.6050547991774,64.4100198106703,5.36356991640827,14.4018960311465,13.6758541004656,0.803800192161416,1.06562970052135,67.46649098,777073000000.0,62660267.0,19809155.0,40147180.0,28.515927636072323,6.17699771588838,4.80922287298029,6388908.0,6.59307697872461,5.58257563187976,7.32834761397974,7.85714962688684,5.58114918683635,54928804.0,27259764.0,4.84451209161112,11877160.0,5787928.0,24384911000.0,199000000.0,54791000.0,2086000000.0,30324965179.3265,7361593.0,51.3187075611625,50.138754158929075,3.01840137985624,18.9930491696761,21.914126088864,6.0477411319193,6.95378715432676,9.10113037940204,6.39968253047233,6.08302620355419,68.9190105924267,6.05581369866645,5.14351374510363,15.1672728658836,4.66018920437172,101675919831.833,5.412514440769938,1.54691114751329,45139728831.8326,3391496.0,699996.0,92.457704355053,8.926451551946126,24.02,42322242.0,4.33482852127077,15663458.0,9274549.0,5.98395135354518,6.66545136908132,8.31813491530767,5.94697775405568,0.803800192161416,5.65306169212853,27669039.0,5.49322066696923,4.63456673441381,6089232.0,4.19677527444071
2006,1108107000000.0,76.179,48.7172154432288,82376451.0,21.358962574653827,2.54902374284823,4.39558969637883,16.556615662777,6.48590133422097,6.16446187897452,8.14222172729087,8.20202059433636,6.10259840983411,66.2823143315268,64.1416470662333,5.23418226534868,14.1572149824946,13.4443036960785,0.796432730949096,1.19930295839133,67.01338208,906684000000.0,62753557.0,19622894.0,40131513.0,29.510845383871782,6.33677277586011,5.02000414626438,6644420.0,6.75662618315874,5.95855015936791,7.55268684525742,7.55052495548038,5.71371614211874,54601018.0,27096599.0,4.72051034915252,11662211.0,5679538.0,28604335000.0,406000000.0,54400000.0,2490000000.0,35883657972.6799,7412641.0,51.2827845567712,50.869807958525605,3.12610088932893,19.5604706859786,22.4140492376882,5.48822820273265,7.0304391885297,9.15206374742803,6.09027401227059,6.08553794402347,68.5357144049197,6.07786869949943,5.1056965014186,14.9076699323033,4.56779116553603,111637059518.339,5.419973245500649,1.57742642840567,41686538618.3393,3401226.0,605329.0,93.9161566186468,8.998495213152603,23.820999999999998,42244938.0,4.30064613240501,16113222.0,9468801.0,5.44295986539305,6.73223286017453,8.37278772167672,5.68590102803744,0.796432730949096,5.63623281145995,27504419.0,5.49605467726715,4.60572240934112,5982673.0,4.11807093758481
2007,1321214000000.0,76.378,48.7647343073122,82266372.0,21.144511983439674,2.70748149120264,4.67159636788221,17.009138845979,6.4549404337628,6.39793734027082,8.370573506262,7.75558446616573,6.2167206994545,66.083076112059,63.9919349439067,5.20123485063602,13.9729437871252,13.2707598129389,0.729672399984088,1.1724717649176901,65.40711371,1054983000000.0,62833410.0,19432962.0,40116978.0,30.18016340143575,6.46901576595566,5.30056544875097,6823552.0,6.72189142327117,6.22457146095189,7.78095293802817,7.17799825271222,5.82036180478638,54364149.0,26972213.0,4.68183713853702,11495034.0,5593545.0,29306518000.0,71000000.0,53100000.0,3302000000.0,40110859276.4132,7465881.0,51.2352656926878,51.32467538487543,3.17512055313132,19.9439801008158,22.7373052431544,5.22065182141959,7.14419490354657,9.12095720740362,5.92206368425414,6.12541648006744,68.2801591787452,6.00605906990083,5.00574786034113,14.7107019752758,4.50371926429863,135932292207.152,5.432407695205465,2.29834400700947,44326512207.1516,3413367.0,578866.0,96.0746729759051,9.075252522379374,23.622,42149394.0,4.24583260517655,16407189.0,9583636.0,5.19095907077314,6.82382856433015,8.36737789342699,5.54384854954415,0.729672399984088,5.6434212095656,27391936.0,5.41861519978807,4.52251294880933,5901489.0,4.06640972559254
2008,1446171000000.0,76.575,48.8232779735772,82110097.0,20.950568807440366,2.8905276536574,4.99743310960016,17.319171542901,6.26013462726701,6.53657625265878,8.59669336298251,7.25788418173367,6.30525349168085,65.9864245729756,63.9372990545164,5.19198819500257,13.8245310289231,13.1357594213035,0.679922680042729,1.20903400366779,61.93247902,1185067000000.0,62875807.0,19234290.0,40088841.0,30.59575463713945,6.58569000500307,5.64564377077572,6943055.0,6.52227402531178,6.40381099759662,8.00263662849341,6.75445203225978,5.89216456517103,54181517.0,26867256.0,4.670348659774,11351336.0,5519811.0,30787930000.0,278000000.0,50300000.0,2392000000.0,45098956311.568504,7509892.0,51.1767220264228,51.54632344457982,3.17107615237643,20.1890443981014,22.9269415241801,5.16343048326916,7.28897259496164,8.99299718203173,5.89868564165716,6.2142024581875,68.1343247428942,5.87962909373121,4.88927619844099,14.5465037142048,4.46523932076123,138564426162.199,5.448147965719151,2.62837981637219,43137195662.1989,3425567.0,582719.0,98.5998802890494,9.146124866957592,23.425,42021256.0,4.17333372308953,16577244.0,9634189.0,5.14811878277215,6.94261285095952,8.2847780115914,5.52604996890973,0.679922680042729,5.68901136536287,27314261.0,5.29366385139992,4.4255264325074,5831525.0,4.03988432902208
2009,1120041000000.0,76.771,48.8900570097827,81902307.0,20.788645281427375,3.07972436969807,5.3087264952703,17.5963088131966,5.98472469056457,6.60985494228991,8.79048608109565,6.77916723998716,6.36847448059177,65.8937124706723,63.8756776374853,5.18682743024344,13.698409740069,13.0269920695011,0.716957702016136,1.3106040732214899,66.08367411,926347000000.0,62877220.0,19025087.0,40042085.0,30.97090336318774,6.69557199212482,5.97670420227248,7045929.0,6.24294426395755,6.52023838484376,8.19318513036657,6.34590761260023,5.92872221757189,53968471.0,26738501.0,4.66714610929681,11219314.0,5453128.0,32053837000.0,331000000.0,53700000.0,2212000000.0,44528927835.6531,7550115.0,51.1099442208258,51.759548644615116,3.22313325766363,20.4078777892587,23.0973302930136,5.19238768989725,7.47103822721303,8.77342522100805,5.96315949156774,6.33048650472249,68.0033775871521,5.7248977087791,4.78392381684112,14.4003135996513,4.42956235256675,179040277106.549,5.467627226521783,0.312739007368458,59925314606.5488,3437892.0,593787.0,98.9082405759319,9.218439964090388,23.229,41860223.0,4.18210983465875,16714523.0,9668594.0,5.18407326045833,7.10016837636396,8.11741149279532,5.58729360574442,0.716957702016136,5.76084907695054,27229970.0,5.13782847979033,4.34245870278966,5766186.0,4.0173872574146
2010,1258924000000.0,76.966,48.9592621416097,81776930.0,20.61818157072483,3.25992729987751,5.54191132023667,17.6914569168441,5.51151160619089,6.65332426298023,8.91260268066004,6.38953817851463,6.40201301160001,65.94818524025,63.9506668999338,5.18865152353702,13.5973160312519,12.9444712686616,0.754308990105961,1.2668266261113699,65.04757634,1054814000000.0,62940432.0,18836498.0,40037382.0,31.016014510999092,6.80218635384592,6.22227614369015,7083196.0,5.76439269953648,6.58640264506001,8.31362512246161,6.0079222478558,5.92765035645586,53930401.0,26692719.0,4.67442111125689,11119468.0,5402964.0,32486502000.0,282000000.0,52900000.0,2373000000.0,43025915011.687996,7587097.0,51.0407378583903,51.63419608172393,3.37810669053905,20.4544987284982,23.1048618314046,5.43676683670481,7.68039457542921,8.47486211881185,6.08226096316059,6.44487876833137,68.0306269584383,5.55398556224552,4.68056641518756,14.2779161247176,4.408698185993,215977935889.943,5.482000822619075,1.10381037789263,62294943889.9431,3450395.0,594250.0,100.0,9.277796317372148,23.034000000000006,41739548.0,4.3160066343321,16727061.0,9643865.0,5.44066232886873,7.2955236182213,7.87900534935546,5.70169654594291,0.754308990105979,5.83097235519898,27237682.0,4.9672063305131,4.26089559628693,5716504.0,4.00915456111777
2011,1473985000000.0,77.16,49.0284436491937,80274983.0,20.409814651942877,3.42251361329837,5.69115724180154,17.6869417256355,4.99239797542701,6.72245647114334,8.96360803855842,6.10707768270757,6.43055841661559,66.1038651577438,64.1223894433533,5.14724779230921,13.4916768007341,12.8592319607641,0.718413898653317,1.20615033635783,63.12683318,1254869000000.0,61940177.0,18334806.0,39357575.0,30.867268545118563,6.88991124385997,6.37648517975159,6961151.0,5.23525512307765,6.64941881880754,8.36780202281715,5.75857450452846,5.91650977449995,53064867.0,26237219.0,4.64819299679148,10830441.0,5261664.0,32488383000.0,84000000.0,51400000.0,1217000000.0,45163212878.2034,7624368.0,50.9715551226578,51.27708319706144,3.58087289510854,20.4044580415222,23.0183785958826,5.77170584957539,7.90022513555684,8.10948418367948,6.22404356465897,6.49452160876628,68.1638713711716,5.44019041990973,4.59018348552266,14.1491869031929,4.41175562536104,234104084887.41,5.590788027615743,2.07517283735872,66928070887.4098,3462944.0,571672.0,102.075172837359,9.497813285117731,22.84,40917407.0,4.51672704919341,16379675.0,9418524.0,5.80635204704747,7.51604667279678,7.57873045197895,5.83599344742413,0.718413898653322,5.84345319182066,26827647.0,4.84950851163221,4.1867441956424,5568777.0,4.02429476833018
2012,1401113000000.0,77.17,49.0967252480254,80425823.0,20.19992717096866,3.5504966673724,5.66284366412733,17.7832867086554,4.74598595473649,6.82930422357875,8.93785340749671,5.957680575666,6.49245158784606,66.1768560547906,64.209416699326,5.04438089612472,13.3676766273698,12.7577707526427,0.778338120416812,1.2416774790460798,61.43804387,1154852000000.0,62064608.0,18361215.0,39486445.0,30.910304082906876,6.9298423844798,6.33745436330945,7021988.0,4.98709640552431,6.73539951130063,8.36215413948525,5.62692673392924,5.93410320620668,53223281.0,26286936.0,4.56926176946484,10751064.0,5222952.0,34087896000.0,131000000.0,50100000.0,730000000.0,43798225349.2896,7663849.0,50.9032759782828,51.11023125387554,3.82396042241919,20.4554673178396,23.0328125480313,5.98687540325223,8.12286725053075,7.68127815522159,6.34723676270837,6.44179368514768,68.2166888384753,5.4193477870272,4.53715995010166,14.0000244528692,4.41848360664285,248856490285.757,5.599898415534986,2.00848884782951,67422250285.7566,3475555.0,589735.0,104.1253413002,9.529089929238275,22.83,40939379.0,4.77841939471778,16451478.0,9429490.0,6.06361856086256,7.74043297796613,7.21273638401205,5.94503808827329,0.778338120416812,5.77402366367261,26936345.0,4.81498343361753,4.14610905626017,5528112.0,4.0423999269177
2013,1445067000000.0,77.18,49.1622936469693,80645605.0,20.05024024811761,3.65504926063138,5.48711430238318,17.9415294867442,4.69446417822071,6.9677441526405,8.81990081071839,5.94561305546654,6.59844739469847,66.1650570931529,64.2133642952665,4.9286430731706,13.2662524854512,12.6773653044047,0.752945122701996,1.18525790100841,59.62248731,1181233000000.0,62242278.0,18403327.0,39647229.0,31.086938298244327,6.93415043090545,6.13910247143262,7113319.0,4.94093143333873,6.84756066768134,8.28033274493427,5.61749403166162,5.99345847042396,53359211.0,26326437.0,4.47935617057663,10698650.0,5197514.0,33321748000.0,113000000.0,48700000.0,786000000.0,44242647302.8936,7705441.0,50.8377063530307,51.13717854636194,4.10490174550897,20.5686904213959,23.1092704003288,6.11296889802602,8.34435730454332,7.20324165329747,6.44459138507203,6.32772232778608,68.1832620375222,5.41867505527342,4.51730782053341,13.8752084757335,4.42925758202951,198535165663.607,5.604192378691538,1.50472330251883,67365115663.6072,3488177.0,187545.0,105.692139574571,9.554694270072126,22.82,40998376.0,5.09508606465204,16587745.0,9474426.0,6.23572846889402,7.95736106787363,6.79731688291591,6.02165505076408,0.752945122702002,5.65650590365374,27032774.0,4.80595100646391,4.13622292110215,5501136.0,4.06178621272593
2014,1494214000000.0,77.19,49.2198843557796,80982500.0,20.00342228117065,3.81688448448869,5.24266589421607,18.1579371488817,4.72314430643795,7.14042580197272,8.60874171618033,6.01151972129829,6.72155990079973,66.044877873583,64.1086516862434,4.82568255594013,13.2112359296631,12.640967037955,0.752728196932603,1.14994199690514,57.44157701,1207193000000.0,62510392.0,18472108.0,39859493.0,31.408774452955253,7.01904961451543,5.86389318429307,7237662.0,4.96908602051917,6.99354923359146,8.11053087186175,5.68220537590611,6.0765374928432,53484793.0,26363406.0,4.40296072413287,10698789.0,5198346.0,33663747000.0,95000000.0,47021000.0,1822000000.0,44662831167.6836,7747444.0,50.7801168658358,51.41219673412591,4.37524246373898,20.743886196754,23.2503812758016,6.17740863219247,8.53107265616855,6.74182258173782,6.51263637148498,6.17984467106321,68.0424809438905,5.41744889099237,4.50424331786657,13.7995819072278,4.46965603342111,193484758847.919,5.600449602043769,0.90679400043421,62265928847.9195,3500863.0,216956.0,106.650549555164,9.566812582965456,22.81,41123008.0,5.39835245647395,16798918.0,9561256.0,6.34198442978015,8.13668680503117,6.39542456769006,6.06382940206671,0.752728196932591,5.50626597886045,27121388.0,4.8016375286123,4.13127822235112,5500443.0,4.10672809147102
2015,1326206000000.0,77.2,49.2674383239182,81686611.0,20.054213299476466,4.0475770523316,4.82402092662623,18.3990597737981,4.94573118350625,7.33802129105959,8.31877759712189,6.12531215240833,6.83233661534395,65.8448584682172,63.9231480491908,4.72834480381733,13.2046685967967,12.6486490056523,0.901296423367096,1.13733842666332,55.25553486,1051132000000.0,63062064.0,18624547.0,40244901.0,31.817932600215375,7.20126999833085,5.39880061050222,7404683.0,5.20628586730583,7.17304567839118,7.87016980944021,5.79870598505927,6.15627367887631,53786433.0,26490846.0,4.32896991559363,10786446.0,5241816.0,34417908000.0,96000000.0,45350000.0,1820000000.0,38170021071.3098,7793307.0,50.7325616760818,51.872145899691844,4.581730611334,20.9504729349861,23.4282029451569,6.21450385424882,8.64627300609249,6.36610501655778,6.5467030651576,6.01344847145727,67.8237170343117,5.42223596486403,4.50768035395541,13.7772231918902,4.54119803411745,173730930555.425,5.5716460533229615,0.514426137125476,58506810555.4249,3513595.0,316098.0,107.199187857464,9.540494953328398,22.8,41441710.0,5.62184646901797,17113731.0,9709048.0,6.39594023226464,8.24319579421128,6.06381453413181,6.07237885721765,0.901296423367096,5.34177797364658,27295588.0,4.80784550595192,4.14105315236017,5544630.0,4.17862593769851
2016,1334355000000.0,77.224,49.3004268856133,82348669.0,20.229034314789075,4.29270271556043,4.36453859784232,18.6125975224825,5.24490509831511,7.54425323658738,7.96360918077259,6.25670381800644,6.86865275298738,65.5946968485817,63.689710903942,4.65329504549955,13.269174354421,12.7202703954449,0.903421436257263,1.15123037317289,55.02152022,1055326000000.0,63592936.0,18755733.0,40598245.0,32.222313758276194,7.40752058143708,4.88524425568454,7556388.0,5.54280763906493,7.37242975573132,7.56809390000707,5.93447371948702,6.17857386404397,54016360.0,26590724.0,4.26659401665906,10926988.0,5310767.0,36088079000.0,55000000.0,45300000.0,2529000000.0,39909678594.2478,7843290.0,50.6995718997836,52.451348073065276,4.71045111076461,21.1361287969973,23.5900187006131,6.27558297178674,8.69061181294003,6.091972545872,6.57157277393947,5.90414430561928,67.5537462752597,5.38664287674844,4.53430316126909,13.8336562022578,4.64605799548916,184031339953.397,5.545255844139669,0.491747008445241,59582016353.3968,3526391.0,669468.0,107.72633665683,9.524489096478293,22.775999999999996,41750423.0,5.7544462244266,17405321.0,9848933.0,6.44320265072228,8.28232725997525,5.82028928663496,6.07597617149066,0.903421436257288,5.23176121842438,27425635.0,4.78258307742505,4.1726699089815,5616222.0,4.28100646980436
2017,1448191000000.0,77.261,49.3205757903836,82657002.0,20.508241089922166,4.54448317618372,4.1479144350396,18.8102292379835,5.4339868257609,7.75284097681822,7.54564758230059,6.36624176597787,6.79268352819385,65.2979434373687,63.411023770789,4.6220399044029,13.3914600067046,12.8450538266303,0.885205508269372,1.15340372066259,53.73716962,1162907000000.0,63861626.0,18795376.0,40766909.0,32.635938177012704,7.62975417123324,4.637885137894,7668349.0,5.77295707440191,7.57296534931382,7.19960204002251,6.04438612601759,6.11503811205914,53973322.0,26562937.0,4.24131028274825,11068979.0,5380805.0,37683545000.0,43000000.0,44400000.0,1866000000.0,42281112684.641,7893815.0,50.679425419913,53.14417926693488,4.68384480099926,21.3105965559267,23.7439224025807,6.37279868981275,8.66098106279662,5.94246743497765,6.62338139899602,5.89136416444564,67.2368503340295,5.2884437297103,4.56154173009024,13.952920427987,4.76933879349387,199983070123.869,5.542035525371684,1.50949485109622,59356901123.869,3539234.0,970357.0,109.35246016194,9.550086270973148,22.739000000000004,41890094.0,5.70332601905152,17614700.0,9946351.0,6.50926422957973,8.26035022221362,5.69194055222081,6.1086438619408,0.88520550826938,5.20533393896614,27410386.0,4.70349933845482,4.20241580859233,5688174.0,4.40132773528975
2018,1560539000000.0,77.312,49.3322785747697,82905782.0,20.80917679353514,4.82710778877315,4.105297712514,19.0121919936113,5.54511909629064,7.96279025934073,7.0788851192056,6.45177527882834,6.65321394725463,64.9792318923014,63.1054296492446,4.62437678093266,13.5216433325741,12.9740604857889,0.846772667108111,1.1705485447711301,51.26862957,1284353000000.0,64096118.0,18809664.0,40899311.0,33.0861490130039,7.90972239185755,4.58300352655761,7775856.0,5.92238449596501,7.76840486086976,6.78359028144131,6.1220958611696,5.995533627006,53871540.0,26508363.0,4.24557447042948,11210224.0,5449945.0,39394226000.0,14000000.0,42500000.0,1106000000.0,46497675955.761696,7944887.0,50.6677202189096,53.89532580653904,4.53466739603353,21.4991247751245,23.9205098649665,6.50273282102815,8.5469692446083,5.92398728548312,6.71495158085938,5.89959667150587,66.9037585790644,5.16885637095027,4.58675955599717,14.0840494273243,4.87291309039447,198027061675.403,5.54186916592983,1.73216879766946,59173100675.4032,3552123.0,1063835.0,111.246629356349,9.583031253477593,22.688000000000002,42006470.0,5.50539945058632,17824018.0,10048162.0,6.60128647617704,8.16644550982569,5.68136068049929,6.17743745004091,0.846772667108096,5.19885830786661,27363176.0,4.61041659434845,4.22691101390591,5760279.0,4.50157500145351
2019,1489412000000.0,77.376,49.3379388963128,83092962.0,21.102950678520873,5.16906990039716,4.13735105684768,19.2463751243355,5.60573462391306,8.14584695126372,6.62951413101336,6.51173186874149,6.4849984628962,64.6307203669172,62.7625002102396,4.62933640395763,13.6389892348886,13.0882145799903,0.893276257067409,1.2621502565313298,46.02628458,1233978000000.0,64294010.0,18798952.0,40996355.0,33.622231516036734,8.28736935338781,4.60437077784181,7890312.0,6.01318781680374,7.93351641179695,6.38254596430636,6.16554192498835,5.83633256336686,53703580.0,26420883.0,4.25005492342039,11333040.0,5509694.0,43837760000.0,38000000.0,38270000.0,1020000000.0,49079444693.2378,7977060.0,50.6620611036872,54.72518219455761,4.3342195431776,21.7302903981942,24.1492852097701,6.6698994416126,8.34722138276598,5.98131862189159,6.82256042527932,5.90007753955259,66.549079414194,5.05591058917713,4.63408733019019,14.2045454614705,4.9411217273227,224027961016.416,5.5320736721819035,1.44565976888251,59184533016.4155,3556792.0,1146682.0,112.854877121191,9.600163248483067,22.623999999999995,42096607.0,5.24435726173672,18056342.0,10166030.0,6.73123089957862,7.99197992838454,5.74129299838528,6.26293522366993,0.893276257067393,5.18649197096093,27282697.0,4.53063232480177,4.27098214422956,5823346.0,4.5671775123404
2020,1382533000000.0,77.453,49.3411380443022,83160871.0,21.391630672283604,5.49708898503302,4.33918420074993,19.481332458545,5.64837875319948,8.26998440891002,6.26770645857014,6.54459250320387,6.30583444253666,64.2847166479732,62.4208390407272,4.64426887684527,13.7515489432774,13.1975961633332,0.875506396987998,1.37358571457936,46.05840167,1171782000000.0,64410589.0,18750282.0,41032520.0,34.166339785105535,8.66830167218713,4.82544370799524,7993682.0,6.06316218570464,8.03907549328335,6.05403833089766,6.17724649666125,5.65875854409383,53459730.0,26296870.0,4.26438053005628,11435908.0,5559930.0,46776500000.0,53000000.0,38380000.0,1172000000.0,53318705117.9756,8009083.0,50.6588619556978,55.55797045738914,3.99668051956258,21.9637344087494,24.3815647959397,6.86812157482182,8.07865253542459,6.09143704192805,6.92304250780737,5.89929403823799,66.1983717296875,4.94970621824697,4.709942453413,14.3202958117675,4.96608448150922,268408603348.679,5.530205600200302,0.144877925813972,63969346748.6789,3562038.0,1210596.0,113.018378926344,9.630831067173407,22.546999999999997,42128351.0,4.82465723005264,18265233.0,10271551.0,6.90305548338936,7.75705326803261,5.85441151468142,6.34157774629392,0.875506396987983,5.1792509967838,27162860.0,4.45637116660997,4.34152643571489,5875978.0,4.591689197562
2021,1636742000000.0,77.544,49.3402523199239,83196078.0,21.691768376097258,5.73592485841774,4.60268361335842,19.6897039706307,5.71768604410688,8.33638953752991,6.0107633303414,6.5776816153748,6.18996223233853,63.9564500545325,62.0976228993586,4.67677484791208,13.8732844243212,13.3161593303407,0.84549413889045,1.32678559033803,46.14634609,1421512000000.0,64513567.0,18682511.0,41049155.0,34.66462734736876,8.95402930857397,5.14126243429304,8082457.0,6.11655709092818,8.09250106204505,5.8174107040533,6.18494615380419,5.53232433699143,53209258.0,26172237.0,4.29722460628424,11542029.0,5612351.0,47787500000.0,192000000.0,38490000.0,938000000.0,56513126773.8884,8037811.0,50.6597476800761,56.356395723466015,3.63340945474766,22.170265521146302,24.5862177703007,7.08133143150077,7.75499392027374,6.22890013267486,6.96350567797908,5.85220762671596,65.8649874322031,4.86925192747406,4.81737603529145,14.4453085971662,4.95115771396266,295736219413.598,5.528745604781085,3.06666666666666,99169059613.5975,3566791.0,1255694.0,116.484275880086,9.661285956292314,22.456000000000003,42146923.0,4.37436893650552,18444791.0,10362334.0,7.10691994250515,7.47143323347785,5.99226992369712,6.36297189533149,0.845494138890436,5.14060925040676,27037021.0,4.3962363970462,4.44259470340996,5929677.0,4.57634002064653
2022,1657577000000.0,77.648,49.3419449044662,84079811.0,21.936955414237758,5.8541966168957,4.77683312418311,19.9379018075081,5.83074652651082,8.34506587393296,5.88458948011418,6.64920001802787,6.17307311678138,63.6285982930303,61.7741796739232,4.69553267087547,13.9581766994571,13.4015816954586,0.949623753156941,1.3900550095965298,46.27572586,1570752000000.0,65286292.0,18793519.0,41486614.0,35.225080261138544,9.08252992568158,5.36905726185735,8271560.0,6.20071733980345,8.1000016077269,5.70035081832234,6.22070619179197,5.48918098058603,53498805.0,26311598.0,4.31950993642707,11736009.0,5708162.0,53015030000.0,182000000.0,38580000.0,1510000000.0,55759747827.0381,8062040.0,50.6580550955338,57.1620356753763,3.47612553991849,22.4132250075126,24.8242386306183,7.30994609092475,7.37904928838766,6.35472410718883,6.90597078949877,5.71544812171011,65.5324802895506,4.81541340298406,4.9308649571855,14.5296179029413,4.90322027488032,293913690186.797,5.469371732736789,6.87257438551099,98413683336.7965,3570750.0,2075445.0,124.489744387368,9.588556282553967,22.352000000000004,42593197.0,4.17193410327588,18844997.0,10573437.0,7.32845252071097,7.12877591770011,6.10875133581624,6.29718568945001,0.949623753156941,5.03365678004598,27187207.0,4.36711783177262,4.55230595038195,6027846.0,4.52976580864958
